{
  "model": "distilbert-base-uncased-finetuned-sst-2-english",
  "dataset": "SST-2 (GLUE) validation",
  "n_eval_samples": 872,
  "n_trials": 3,
  "noise_levels": [
    0.0,
    0.01,
    0.02,
    0.03,
    0.05,
    0.07,
    0.1,
    0.15,
    0.2
  ],
  "bert_results": {
    "0.0": {
      "accuracy_mean": 0.9105504155158997,
      "accuracy_std": 0.0,
      "f1_mean": 0.9137168526649475,
      "f1_std": 0.0
    },
    "0.01": {
      "accuracy_mean": 0.9105504155158997,
      "accuracy_std": 0.0,
      "f1_mean": 0.9137168526649475,
      "f1_std": 0.0
    },
    "0.02": {
      "accuracy_mean": 0.9094036221504211,
      "accuracy_std": 0.0009363528619438081,
      "f1_mean": 0.9126435120900472,
      "f1_std": 0.0008285338014898441
    },
    "0.03": {
      "accuracy_mean": 0.9105504155158997,
      "accuracy_std": 0.0,
      "f1_mean": 0.9137168526649475,
      "f1_std": 0.0
    },
    "0.05": {
      "accuracy_mean": 0.9094036221504211,
      "accuracy_std": 0.0,
      "f1_mean": 0.9127072095870972,
      "f1_std": 0.0
    },
    "0.07": {
      "accuracy_mean": 0.9078745643297831,
      "accuracy_std": 0.0014303026223486787,
      "f1_mean": 0.9112346172332764,
      "f1_std": 0.001326319851026247
    },
    "0.1": {
      "accuracy_mean": 0.9074922998746237,
      "accuracy_std": 0.0005406035768997341,
      "f1_mean": 0.9109638929367065,
      "f1_std": 0.000526587133143002
    },
    "0.15": {
      "accuracy_mean": 0.9071100552876791,
      "accuracy_std": 0.0033760412600866855,
      "f1_mean": 0.9105032483736674,
      "f1_std": 0.003074835196015547
    },
    "0.2": {
      "accuracy_mean": 0.9074923197428385,
      "accuracy_std": 0.0027029897865996633,
      "f1_mean": 0.9109638730684916,
      "f1_std": 0.002602728596614462
    }
  },
  "kl_divergence": {
    "0.0": {
      "mean": 1.3514147667592625e-11,
      "std": 2.3880875510013e-09,
      "median": 2.546585164964199e-11,
      "p95": 3.828313310805244e-09
    },
    "0.01": {
      "mean": 4.8068251410586524e-05,
      "std": 5.751262281983351e-07,
      "median": 4.8060397602966987e-05,
      "p95": 4.90389329570462e-05
    },
    "0.02": {
      "mean": 0.00019235506481782066,
      "std": 2.33156708095209e-06,
      "median": 0.00019232684280723333,
      "p95": 0.00019614540797192604
    },
    "0.03": {
      "mean": 0.00043313579816604033,
      "std": 5.198903384940185e-06,
      "median": 0.0004330904921516776,
      "p95": 0.00044182126875966785
    },
    "0.05": {
      "mean": 0.001205717831919901,
      "std": 1.4485360518102038e-05,
      "median": 0.0012057266430929303,
      "p95": 0.00122970724478364
    },
    "0.07": {
      "mean": 0.0023737736395560206,
      "std": 2.927136815983017e-05,
      "median": 0.0023737484589219093,
      "p95": 0.002421888685785234
    },
    "0.1": {
      "mean": 0.004882333609834313,
      "std": 5.983570057796385e-05,
      "median": 0.0048822639510035515,
      "p95": 0.004981394694186747
    },
    "0.15": {
      "mean": 0.01122688448317349,
      "std": 0.0001472624306784028,
      "median": 0.01122738840058446,
      "p95": 0.011472903471440078
    },
    "0.2": {
      "mean": 0.020631846056878567,
      "std": 0.0002970341556095672,
      "median": 0.020628766156733036,
      "p95": 0.02112731784582138
    }
  },
  "device": "cuda"
}