{
  "baseline": {
    "K": 64,
    "N_trials": 100000,
    "sigma_aef": 0.02,
    "sigma_sum": 0.005,
    "sigma_norm": 0.02,
    "mean": 0.07815666604861883,
    "std": 0.013790389680588632,
    "median": 0.07642469635145072,
    "p95": 0.10345801104859435,
    "p99": 0.11774774289173782,
    "first_order_additive": 0.045
  },
  "sensitivity": {
    "AEF (Stage 1)": {
      "sigma": [
        0.005,
        0.010000000000000002,
        0.015000000000000003,
        0.020000000000000004,
        0.025000000000000005,
        0.030000000000000006,
        0.035,
        0.04,
        0.045000000000000005,
        0.05
      ],
      "median": [
        0.05422627463036278,
        0.05943505451213835,
        0.06709420899071991,
        0.07646921990545916,
        0.08694780533685909,
        0.09821361267615591,
        0.11006894224042468,
        0.12240229815239023,
        0.13491867245820893,
        0.14786363706588218
      ],
      "p95": [
        0.07178368560813225,
        0.07917793457612055,
        0.09002535633991926,
        0.10345286862381119,
        0.11861772602451955,
        0.1341614210926468,
        0.15186517966717547,
        0.16908007191455965,
        0.18705523140584449,
        0.20548040610845889
      ]
    },
    "Summation (Stage 2)": {
      "sigma": [
        0.005,
        0.010000000000000002,
        0.015000000000000003,
        0.020000000000000004,
        0.025000000000000005,
        0.030000000000000006,
        0.035,
        0.04,
        0.045000000000000005,
        0.05
      ],
      "median": [
        0.07634150378136759,
        0.0781043259041006,
        0.08060479259516545,
        0.08320326507326653,
        0.08612475168479927,
        0.08903528277523842,
        0.0921213610879976,
        0.09510680717080086,
        0.09846851046902091,
        0.10161402976083808
      ],
      "p95": [
        0.10316517001015812,
        0.10693795756885582,
        0.11250002628802147,
        0.11928119716189564,
        0.1273060980997825,
        0.13574374155380686,
        0.14450061196319489,
        0.1536043877016047,
        0.16306621006330083,
        0.17376630892406275
      ]
    },
    "Normalization (Stage 3)": {
      "sigma": [
        0.005,
        0.010000000000000002,
        0.015000000000000003,
        0.020000000000000004,
        0.025000000000000005,
        0.030000000000000006,
        0.035,
        0.04,
        0.045000000000000005,
        0.05
      ],
      "median": [
        0.05748595108828647,
        0.06176854681166129,
        0.06830481786281406,
        0.07633777070625722,
        0.08570901271341588,
        0.09578989978018178,
        0.10626651874386189,
        0.11734145416245176,
        0.12855464607125705,
        0.14033658136376503
      ],
      "p95": [
        0.07970778113513455,
        0.08512957735574747,
        0.09356335454446874,
        0.10343291293122758,
        0.11538501288038322,
        0.12803046292299713,
        0.1415477008456012,
        0.15613109363759745,
        0.1704931967162043,
        0.1853789974339779
      ]
    }
  },
  "K_sweep": {
    "8": {
      "mean": 0.05436734008025724,
      "std": 0.01724011023902435,
      "p50": 0.05235238197358591,
      "p95": 0.08564814285350546,
      "p99": 0.10325134010454372
    },
    "16": {
      "mean": 0.06342258882924758,
      "std": 0.016018637536492915,
      "p50": 0.061616029275301104,
      "p95": 0.09257348356118808,
      "p99": 0.10928221534796292
    },
    "32": {
      "mean": 0.07106377118266641,
      "std": 0.014790648106501434,
      "p50": 0.06924581582653183,
      "p95": 0.09801706982217949,
      "p99": 0.1134896180366619
    },
    "64": {
      "mean": 0.07812095980865881,
      "std": 0.01376249259124221,
      "p50": 0.07643022159458362,
      "p95": 0.10329046962981923,
      "p99": 0.1178249342284902
    },
    "128": {
      "mean": 0.0843548542280139,
      "std": 0.01286375252181973,
      "p50": 0.08270497998472365,
      "p95": 0.10802351736888306,
      "p99": 0.12178430667519116
    }
  }
}