{
  "sigma": [
    0.0,
    0.025,
    0.05,
    0.07500000000000001,
    0.1,
    0.125,
    0.15000000000000002,
    0.17500000000000002,
    0.2,
    0.225,
    0.25,
    0.275,
    0.30000000000000004,
    0.325,
    0.35000000000000003,
    0.375,
    0.4,
    0.42500000000000004,
    0.45,
    0.47500000000000003,
    0.5
  ],
  "eps_max_mean": [
    0.018593053864142117,
    0.020621618504040092,
    0.024615566617279334,
    0.031116518893007383,
    0.039805356186027416,
    0.052189058318961375,
    0.06882954730805187,
    0.08726300405040774,
    0.1085082443234367,
    0.137023038385421,
    0.17056372720451218,
    0.20161073965078288,
    0.25170395460384326,
    0.28738404450661326,
    0.346745881517767,
    0.4173159422362517,
    0.47916986458723904,
    0.5333093377119573,
    0.6124459990011878,
    0.7436945040115633,
    0.8140071223792112
  ],
  "eps_max_median": [
    0.018593053864142117,
    0.020339505912949085,
    0.023993642866166565,
    0.030001080110734435,
    0.038017287321758464,
    0.04849600230183526,
    0.06367239686391069,
    0.08062648941498374,
    0.10009176441066414,
    0.12121751142131454,
    0.15165589374798993,
    0.18050457459321434,
    0.21740910017267745,
    0.2526439016147254,
    0.2948327702181136,
    0.3454538766758808,
    0.40156418294520346,
    0.44351242156636916,
    0.4972594365117897,
    0.6038194070928615,
    0.6502723292573748
  ],
  "eps_max_p25": [
    0.018593053864142117,
    0.01983348124833223,
    0.022469302274755798,
    0.027061615498402913,
    0.03350055151974701,
    0.04033138730577618,
    0.05127153485066033,
    0.06435971050168465,
    0.07599049726747964,
    0.09131166095594884,
    0.11185043100414988,
    0.13445468924268783,
    0.15522564687549,
    0.17897481980956204,
    0.19926203798663422,
    0.23560534903906688,
    0.27478442136860337,
    0.29729213800299426,
    0.3272750400483181,
    0.3857426842437686,
    0.41633536354452194
  ],
  "eps_max_p75": [
    0.018593053864142117,
    0.021170165363082583,
    0.026188670371331157,
    0.03404594852136533,
    0.04426097930281675,
    0.061059204961093516,
    0.08066820646932232,
    0.10364773408972339,
    0.1287058193644069,
    0.1683927847162059,
    0.21618427764500991,
    0.2454113443759398,
    0.31262197633559724,
    0.3542798637999025,
    0.43620924432138597,
    0.5287698478947127,
    0.5897824368117661,
    0.6603631555742516,
    0.7535859877366692,
    0.9279467683835008,
    1.0313781496665209
  ],
  "eps_max_p95": [
    0.018593053864142117,
    0.022830690459299086,
    0.030349369011183798,
    0.04227317852501966,
    0.05755100243233453,
    0.08252253744213113,
    0.11597285142422595,
    0.1506495302004441,
    0.1890785264613902,
    0.2622362237263932,
    0.32287244874049664,
    0.39098210807812683,
    0.5231034817609057,
    0.5849718835633021,
    0.7344917811987965,
    0.915494158913892,
    1.065219737162505,
    1.1942551628834868,
    1.5176677321627323,
    1.7424656908571186,
    1.8995226916597936
  ],
  "eps_max_p05": [
    0.018593053864142117,
    0.019292964258297164,
    0.02095925356265127,
    0.023776957955170198,
    0.02774816927491398,
    0.03240323809046412,
    0.038806280989670275,
    0.04481439463954874,
    0.05359365547648505,
    0.06086573266134733,
    0.0733370964894358,
    0.08467469610239128,
    0.10094237495764094,
    0.11473168375307793,
    0.11597162602512605,
    0.14763781775369195,
    0.1647611694807854,
    0.18502748271788047,
    0.18937196021291608,
    0.21362917755527197,
    0.2378942559659644
  ],
  "parameters": {
    "N": 12,
    "L": 8.0,
    "a_opt": -1.3730845829438114,
    "b_opt": 0.08449799194894371,
    "ln_C_opt": 4.734223712409992,
    "E_inf_log": 0.018422316148180684,
    "rel_err_ideal_pct": 1.8593053864142117,
    "b_V": 0.146,
    "FWHM_nm": 0.124,
    "N_MC": 1000,
    "N_GRID": 2001
  }
}